Firma;Text
'Wir fördern'' - Braunschweig e. V.;
3B Scientific GmbH ;
3D Insight GmbH Chemnitz;
3D- Schilling GmbH ;
3D-Micromac AG;
3M Deutschland GmbH;
4Com GmbH&Co KG;
4friendsOnly.com Internet Technologies GmbH ;
50Hertz Transmission GmbH;
52' North Initiative for Geospatial Open Source Softw. GmbH;
A.D.I.R.;
Aachener Kompetenzzentrum Medizintechnik AKM e.V.;
AachenMünchener Versicherung AG;
abat+ GmbH;
ABB;
Abbot Laboratories GmbH;
AbbVie Deutschland GmbH & Co. KG;
Abfallwirtschaft GmbH;
ABIDA – Assessing Big Data;
Accenture GmbH ;
ACO Hochbau ;
act! Consulting GmbH;
Active Fiber Systems GmbH ;
ADAS Consulting GmbH;
Additive GmbH ;
adesso AG ;
Adidas;
Adobe systems Inc. ;
Adolf Messer Stiftung;
Advanced Bionics GmbH, 30625 Hannover;
Advocate Europe;
Aegerion Pharmaceuticals GmbH ;
Aerodata AG, Braunschweig;
Aesculap AG;
Aesculap GmbH ;
Ageto Service GmbH ;
Agilent Technologies Deutschland GmbH;
Agilent Technologies Sales u Services GmbH & Co.KG ;
AGRAVIS Raiffeisen;
Ahlers, Sybille und Dirk;
AiF Projekt GmbH;
Airbus Group;Airbus Defence and Space GmbH, Airbus Helicopters Deutschland GmbH, Airbus Operations GmbH, EADS, Eurocopter
AIV Braunschweig ;
aixigo AG;
AJ Blomesystem GmbH ;
Ajinomoto GmbH;
Akademie für Manuelle Medizin GmbH an der WWU;
Akademie für Psychotherapie und Interventionsforschung;
Akademie gemeinnü̈tziger Wissenschaft;
Akademische Buchhandlung ;
Aker Wirth GmbH;
Aktionsbündnis Patientensicherheit e.V. (APS);
Alantum Europe GmbH, München;
Albach, Prof. Dr. Dirk, Alexandersfeld 49, 26127 Oldenburg;
Albin und Aenne Witter Stiftung ;
Alere Technologies GmbH ;
Alexander von Humboldt Stiftung ;
Alfons und Gertrud Kassel-Stiftung;
Alfred Doderer-Winkler;
Alfred Ritter GmbH & Co. KG;
Alfred und Cläre Pott-Stiftung;
Alfred-Herrhausen Gesellschaft ;
Alfried Krupp von Bohlen und Halbach-Stiftung;
Allianz;Allianz Investment Management SE
Altana AG;
Alumni Jenenses e.V. ;
Alumni- Verein d. Rechtswiss. Fakultät ;
Amazon und 7 Industriepartner;
Ambau GmbH;
Amgen GmbH ;
AMGEN GMBH ;
AMK GmbH & Co. KG, Kirchheim/Teck;
Analytik Jena AG ;
analyze & realize ag;
Andreas Stihl;Andreas Stihl AG, Andreas Stihl-Stiftung
Angewandte Kommunikationstechnik GmbH;
Annedore Heinze;
Anstalt für Religion Diyanet, Türkei;
ANT B.V. Advanced Neuro Technology ;
AOK;
APOGEPHA Arzneimittel GmbH;
apromeX GmbH;
AQTON SE;
Aquametro Messtechnik GmbH ;
Arbeitgeberverband der baden-württembergischen Metallindustrie;
Arbeitgeberverband der bayerischen Metallindustrie;
Arbeitgeberverband Oldenburg;
Arbeitsgemeinschaft der Volksbanken und Raiffeisenbanken in Weser Ems, 26122 Oldenburg;
Arbeitsgemeinschaft der Volksbanken und Raiffeisenbanken in Weser-Ems;
Arbeitskreis Militärgeschichte e.V., Bangor/UK;
ArcelorMittal;
Architektengruppe Schweitzer GmbH;
Architektenkammer Thüringen ;
Arnstädter Werkzeug- und Maschinenbau AG ;
Arnz Flott GmbH;
"ARRI - Arnold und Richter Cine 
Technik GmbH + Co. Betriebs KG ";
ARRI AG ;
ARRI Arnold & ;
arvato AG Medienfabrik;
Ärzte KV;
Asklepios Fachkliniken GmbH;
Asphericon GmbH ;
ASTA FFO;
Astellas Pharma;
AstraZeneca GmbH;
Attachmate Group Germany GmbH ;
Attomol GmbH;
Audi;Audi Electronics Venture GmbH
auftakt Das Gründerforum e.V. ;
auftakt. Das Gründerforum Ilmenau e. V. ;
August-Wilhelm Scheer Stiftung;
Aurubis;
Autohaus Fischer GmbH ;
Autohaus Franz;
Autohaus Rosier GmbH;
AutoVision GmbH;
AWD;
AWM Werkzeug maschi- nen GmbH ;
AXA Research Funds;
axxo Design Horst Krieger KG;
B-S-S Business Software Solution GmbH ;
B. Braun Avitum AG;
B. Braun Melsungen AG;
Bad Krozingen GmbH;
Baden Badener Unternehmergespräche;
Bahlsen;Bahlsen GmbH, Rut- und Klaus-Bahlsen-Stiftung
Baker & McKenzie Partnerschaft von Rechts- anwälten ;
Baker Hughes Inteq GmbH;
BAM PPP Deutschland GmbH ;
Bankhaus Metzler seel. Sohn & Co. KGaA;
Barbara Huber, Ergolding;
Barke, Heidemarie;
Barmenia Versicherungen;
Barmherzige Brüder;
Bartos-Höppner-Stiftung;
BASF;BASF Pharma, BASF Coatings GmbH, BASF Schwarzheide GmbH, BASF SE
BASF SE;BASF Pharma, BASF Coatings GmbH, BASF Schwarzheide GmbH
Basilea Inc.;
BATOP GmbH ;
Batop GmbH ;
BATT Betreibergesellschaft für Applikations- und Technologiezentren Thüringen mbH ;
Baudis Bergmann Rösch Verkehrstechnik GmbH, 38126 Braunschweig;
Bauerfeind;
Baugenossenschaft Wiederaufbau EG;
Baumarkt Obi;
Baxalta Deutschland GmbH ;
Baxter AG;
Baxter Deutschland GmbH;
Bayer;Bayer AG, Bayer Health Care AG, Bayer Pharma AG, Bayer MaterialScience, Bayer Technology Services, Bayer-Stiftungen, Schering-Stiftung, Bayer Vital GmbH, Bayer CropScience Deutschland GmbH
Bayer AG;Bayer Health Care AG, Bayer Pharma AG, Bayer MaterialScience, Bayer Technology Services, Bayer-Stiftungen, Schering-Stiftung, Bayer Vital GmbH, Bayer CropScience Deutschland GmbH
Bayer Schering Pharma AG;Bayer AG, Bayer Health Care AG, Bayer Pharma AG, Bayer MaterialScience, Bayer Technology Services, Bayer-Stiftungen, Schering-Stiftung, Bayer Vital GmbH, Bayer CropScience Deutschland GmbH
Bayrische Motoren Werke AG;
BayWa;BayWa AG, BayWa Stiftung
BBG und Partner mbB ;
BC Life Science Consulting GmbH ;
BDA Bund Deutscher Architekten  ;
BDO AG Wirtschaftsprüfungsgesellschaft;
BDO Heßler Mosebach AG;
Becker & Armbrust GmbH;
becker marine systems GmbH & Co. KG;
Beckhoff Automation GmbH;
Belchim Crop Protection, Burgdorf;
Bencard Allergie GmbH;
bene pharmaChem GmbH & Co. KG;
Benteler;
Berg- und Jagdhotel Gabelbach ;
Berghof Products+Instruments GmbH;
Berlin Heart GmbH;
Berlin Partner GmbH ;
BerlinCert ;
Berliner Börse AG;
Berliner Glas;
Berner & Mattner Systemtechnik GmbH;
Berr OHG ;
Bertelsmann SE & Co. KGaA;
Berthold-Leibinger-Stiftung;
Bertrandt;Bertrandt AG, Bertrandt Ingenieurbüro GmbH, Bertrandt Services GmbH
Berufsgenossenschaft für Gesundheitsdienst und Wohlfahrtspflege (BGW);
Berufsgenossenschaft Transport und Verkehrswirtschaft (BG Verkehr);
beSpace GmbH ;
Best Audit GmbH;
BET - Büro für Energiewirtschaft und technische Planung GmbH;
Bezirksverband Hannover;
Bezirksverband Oldenburg, 26002 Oldenburg;
BFE Studio und Mediensysteme GmbH ;
BFE Studio- und Mediensysteme GmbH ;
BG Klinikum Unfallkrankenhaus Berlin gGmbh;
Big Dutchmann International GmbH, Vechta-Calveslage;
Big Dutchmann, Calveslage;
Bildungsvereinigung ARBEIT UND LEBEN Niedersachsen e.V.;
Bilfinger;
Bilfinger Spezialtiefbau GmbH ;
BIOCRA- TES Life Sciences AG ;
BIOCYC Gesellschaft für Biotechnologie KG;
Biogen GmbH;
Biogen Idec Ltd.;
Biologische Heilmittel GmbH;
biomers.net GmbH ;
bioskin GmbH;
Biotronik;
BIREC Bauhaus Intern. Research & Educa- ;
Bischöflich-Münstersches Offizialat, Vechta;
Bischöfliches Ordinariat Mainz;
Bistum Magde- burg ;
Bistum Osnabrück;
Bitburger Braugruppe GmbH ;
BITZER Kühlmaschinenbau GmbH;
Black Horse Investments GmbH;
bm-t beteiligungsmanagement thüringen GmbH ;
BMW;
BOCK Handels- unter- nehmen GmbH ;
Bode Chemie GmbH & Co.;
Boehringer Ingelheim;Boehringer Ingelheim Stiftung
Bombardier Transportation;
Bonifati- uswerk e.V. ;
BorgWarner Transmission Systems ;
Bosch;Robert Bosch GmbH, Robert-Bosch-Stiftung, Robert Bosch Industrietreuhand KG, Bosch Solar Energy AG, Bosch Sensortec GmbH
BP;
BPR Dr. Schäpertöns & Partner ;
Brahms Diagnostika;
Brand Qualitätsfleisch GmbH & Co. KG, Lohne;
Brandenburg Klinik Bernau;
Brandenburgischer Verein für Gesundheit;
Braunschweiger Hochschulbund;
Braunschweiger Zeitungsverlag GmbH;
Braunschweigische Landessparkasse;
Bremer Landesbank;Stiftung der Bremer Landesbank
Bresser GmbH ;
Bristol Myers Squibb Int. Corporation;
British American Tobacco Ltd.;
Broering, Udo;
Brose Fahrzeugteile GmbH & Co KG Coburg ;
Brose GmbH ;
Brose Gruppe;
Brühlsche Universitätsdruckerei GmbH & Co KG;
Bruker Daltonik GmbH Bremen ;
Brunel;
BS Energy;
BSH Hausgeräte GmbH ;
BTC AG;
BüFA GmbH;
Bühler GmbH;
Bund Deutscher Architekten ;
Bundesrechtsanwaltskammer Berlin;
Bundesverband der Arbeitsgeberverbände (BDA);BDA
Bundesverband Investment- und Asset Management;
Bundesverband Materialwirtschaft Einkauf und Logistik e.V.;
Bundesvereinigung Verhaltenstherapie im Kindesund Jugendalter e.V.;
Bundeswehr/Wehrtechn. Dienststelle für Schiffe u. Marinewaffen;
Bundeszentrale für politische Bildung (bpb);
Büro für urbane Projekte ;
buw;buw Consulting GmbH, buw Holding GmbH
BWG Bergwerk- und Walzwerk-Maschinenbau GmbH;
bwin;
BWINF Alumni und Freunde e.V. ;
c4c Engineering GmbH;
Camelot Broadcast Service GmbH Berlin;
Cameron GmbH;
Camlog Biotechnologies AG;
Canon Medical Systems;
Capgemini Deutschland GmbH;
car e.V.;
Carl Schumacher Beteiligungen und Immobilien KG ;
Carl Zeiss;Carl Zeiss AG, Carl Zeiss Jena GmbH, Carl Zeiss MicroImaging GmbH, Carl Zeiss Stiftung, Carl Zeiss Innovationszentrum für Messtechnik GmbH (IZM) 
Carl Zeiss AG; Carl Zeiss Jena GmbH, Carl Zeiss MicroImaging GmbH, Carl Zeiss Stiftung, Carl Zeiss Innovationszentrum für Messtechnik GmbH (IZM)
Carl Zeiss Jena GmbH ;Carl Zeiss AG, Carl Zeiss MicroImaging GmbH, Carl Zeiss Stiftung, Carl Zeiss Innovationszentrum für Messtechnik GmbH (IZM)
Carl Zeiss meditec AG ;
Carl Zeiss Meditec AG ;
Carl Zeiss Stiftung;
Carl-Zeiss AG ;
Carlo und Karin Giersch-Stiftung;
Carpenter, Dr. Kevin, 26209 Hatten;
Carsten Maschmeyer;
Caspar Ludwig Opländer Stiftung ;
CD Adapco;
CDA GmbH ;
cdwuppermann innovation + strategy CDWIS;
CE-LAB GmbH;
CeGaT GmbH;
Celgene GmbH;
Celgene Int.;
CellAct Pharma GmbH;
Cendres & Métaux SA;
CENTA Antriebe Kirschey GmbH;
CeNTech GmbH, Center for NanoTechnology;
Center for Knowledge Interchange – CKI;
Centrotherm GmbH ;
CETONI GmbH ;
Cewe;Cewe Color AG & Co. OHG, Cewe Stiftung & Co. KGaA
Charcot-Stiftung;
Charlottenburger Innovations-Centrum - CHIC ;
CHDI Management, Inc.;
Chem Trend GmbH;
Cheminova Deutschland GmbH & Co. KG ;
Chemnitzer Zahnradfabrik GmbH & Co. KG;
Chemspeed Technologies AG  ;
Christoffers, Jens;
Christoph Hankers;
CIN;
Cisco;
CKC AG;
CLAAS;
Claussen-Simon-Stiftung;
Clear Group;
Clementia e.V.;
CMS Hasche Sigle;
CMS Hasche Sigle ;
Cochlear Europe Limited;
Cognis;
COHAUSZ & FLORACK Patent- und Rechtsanwälte;
Coherent Lasersystems GmbH & Co KG ;
Cologne Chip AG;
Comes Unternehmensberatung;
Commerzbank;
Commerzbank Stiftung;
Concordia Versicherungsgruppe AG;
Conditorei Coppenrath & Wiese GmbH & Co KG, Osnabrück;
Continental;
Continental Reifen Deutschland GmbH ;
CoPiloten GmbH;
Covance Inc. / USA;
CreaPhys GmbH;
Creditreform Oldenburg Bolte KG, 26123 Oldenburg;
Cremer Oleochemicals;
CSL Behring GmbH ;
CST AG ;
Currenta GmbH & Co. OHG;
cycle union GmbH, 26135 Oldenburg;
CymaBay Therapeutics Inc.;
Daimler AG;Daimler, Daimler Financial Services AG, Daimler-Stiftungsfonds, Daimler und Benz Stiftung
Daimler und Benz Stiftung;
DAKO Systemtechnik und Service GmbH & Co. KG;
DAKOSY Datenkommunikationssystem AG;
Damien Hirst ESQ;
DASGIP AG;
Dataport;
DB Netz AG;
DBFZ gGmbH;
DCA Instruments;
Debeka;
Decathlon Hannover/Laatzen Sportvertriebs GmbH;
DEEP. Underground Engineering GmbH, Bad Zwischenahn;
Dehn + Söhne GmbH & Co. KG;
DekaBank;
DekaBank Girozent- rale ;
DEKRA;DEKRA Automobil GmbH, DEKRA e.V. - DEKRA Hochschule Berlin
Deloitte & Touche;Deloitte & Touche GmbH Wirtschaftsprüfungsgesellschaft, Deloitte-Stiftung
Demand- ware GmbH ;
Deos AG ;
Der Fuchs GmbH;
Der kleine Kreis;
Der Tagesspiegel;
Derichs & Konertz GmbH & Co. KG;
Design Society Admini- stration ;
Detech Fahrzeugententwicklung GmbH & Co.KG, München;
Detjen-Stiftung;
Deufol SE;
Deutsch-arabischer Bildungsverein;
Deutsch-Polnische Wissenschaftsstiftung;
Deutsche Akademie der Wissenschaften und Literatur;
Deutsche Akkreditierungsstelle GmbH – DakkS;
Deutsche Aktuarvereinigung e.V. (DAV);
Deutsche ärzte Finanz AG;
Deutsche Bahn;Deutsche Bahn AG, Deutsche Bahn Stiftung, DB Netze, DB Regio AG, DB Mobility Logistics AG, DB RegioNetz Infrastruktur GmbH, DB RegioNetz Verkehrs GmbH
Deutsche Bank;
Deutsche Bundesstiftung Umwelt;
Deutsche Forschungszentrum für Künstliche Intelligenz (DFKI);
Deutsche Gesellschaft für Materialkunde e.V. ;
Deutsche Gesellschaft für Projektmanagement e.V.;
Deutsche Glastechnische Gesellschaft e.V. ;
Deutsche José Carreras Leukämie-Stiftung e.V.;
Deutsche Klimastiftung;
Deutsche Krebshilfe;
Deutsche Kreditbank;
Deutsche Kreditbank (DK;
Deutsche Messe AG;
Deutsche Physikalische Gesellschaft ;
Deutsche Post;
Deutsche Rheumastiftung;
Deutsche Rockwool Mineralwoll GmbH;
Deutsche Stiftungs Trust GmbH;
Deutsche Telekom;Deutsche Telekom AG, Deutsche Telekom GmbH, T-Systems International GmbH, Deutsche Telekom Stiftung
Deutsche Telekom AG ; Deutsche Telekom GmbH, T-Systems International GmbH, Deutsche Telekom Stiftung
Deutsche Vereinigung des Gas- und Wasserfachs;
Deutsche Vereinigung Rechtsschutz/Urheberrecht;
Deutsche Vereinte Gesellschaft für Klinische Chemie und Labormedizin;
Deutschen Rentenversicherung Bayern Süd;
Deutscher Gewerkschaftsbund (DGW);
Deutscher Sparkassen- und Giroverband Berlin;
Deutscher Verband für Schweißen und verwandte Verfahren e.V. ;
Deutsches Forschungszentrum für Künstliche Intelligenz GmbH, DFKI, Bremen;
Deutsches Frühstückei GmbH & Co. KG, Neunkirchen-Vörden;
Deutsches Grünes Kreuz;
Deutsches Institut für Erwachsenenbildung;
Deutsches Institut für Interne Revision e.V.;
Deutsches Zentrum für Luft- und Raumfahrt;
Deutsches Zentrum für Luft- und Raumfahrt e.V. ;
Deutsches Zentrum für Lungenforschung;
Deutsches Zentrum für Neurodegenerative Erkrankung e.V. (DZNE);
DEUTZ AG;
develop group;
Devoteam GmbH ;
DGLR e.V. ;
DHD-Consulting GmbH, Hildesheim;
DiaMed GmbH A Division of Bio-Rad;
DIE ZEIT, Hamburg;Zeit-Stiftung, Ebelin und Gerd Bucerius
Diehl;Diehl AKO Stiftung & Co. KG, Diehl Aerospace GmbH 
Dienstleistungsgesellschaft der norddeutschen Wirtschaft;
Dieter-Schwarz-Stiftung;
Dietmar-Hopp-Stiftung;
DigAnaRS Inc;
DIN Deutsches Institut für Normung;
Dinescu, Prof. Dr. Violetta, 26133 Oldenburg;
Dirk Harste;
Dirk Rossmann GmbH;
diva-e Ageto GmbH ;
diva-e AGETO Service GmbH ;
Divinus Soft GmbH  ;
DIZG;
DKB AG ;
DLD Media GmbH;
Dobeneck-Technologie-Stiftung;
Dockweiler Chemicals GmbH ;
DOCTER Optics SE ;
Docter Optics SE ;
Doktorandennetzwerk Wirtschaftswissenschaften;
Döllken- Weimar GmbH ;
Dörken GmbH & Co. KG ;
Dornburger Zement GmbH & Co. KG ;
DOT GmbH;
dotSource GmbH ;
Dow Chemical;DOW OLEFINVERBUND GmbH, Dow AgroSciences GmbH, Dow Corning
Dr. Barbara-Mez-Starck-Stiftung;
Dr. Becker Klinikgesellschaft mbH & Co. KG;
Dr. Dornbach & Partner GmbH;
Dr. Hans-Peter Hamm;
Dr. Johannes Heidenhain GmbH;
Dr. Johannes Werhahn;
Dr. Jürgen Basedow;
Dr. Karl-Heinz Vehling;
Dr. Loges + Co GmbH;
Dr. Meyer-Struckmann-Stiftung;
Dr. Naif Abdullah Hamad Alh;
Dr. Oetger GmbH;
Dr. Reinfried-Pohl-Stiftung;
Dr. Rochus Mummert;
Dr. Schründer Stephan ;
Dr. Senckenbergische Stiftung;
Dr. Vittoria Borso ;
Dr. Werner Jäckstädt-Stiftung;
Dr. Wolfgang Körber;
Dr. Zauft Ingenieurgesellschaft für Bauwesen mbH ;
Dr.-Ing. E.h. Udo-Willi Kögler, Wolfsburg;
Dr.-Ing. Jochen Bredemeyer;
Dr.-Ing. Schaumann, Peter;
Dräger;
Dres. Edith und Klaus Dyckerhoff-Stiftung im Stifterverband für die Deutsche Wissenschaft;
DREWAG - Stadtwerke Dresden GmbH ;
DRK Blutspendedienst Baden-Württemberg;
DRK Blutspendedienst Ost GmbH;
DRK-Blutspendedienst Baden-Württemberg;
DSA - Daten- und Systemtechnik GmbH;
dSPACE GmbH;
DSZ - Deutsches Stiftungszentrum GmbH;
Dt. Gesellschaft für Internationale Zusammenarbeit;
Dt. Stiftung Trad. Chines.;
Dt. Vereinte Gesellschaft für Klinische Chemie und Laboratoriumsmedizin. e. V.;
DTG GmbH Development & Technology;
Du Pont de Nemours;
Dupont de Nemours Deutschland GmbH ;
DURAVIT AG ;
DV-RATIO NORD GmbH;
DVAG Deutsche Vermögensberatung;
DVS Digital Video Systems GmbH;
DWW e.G. ;
Dyckerhoff AG, Wiesbaden;
Dynardo GmbH ;
DZ Bank;DZ Bank-Stiftung
E-T-A Elektronische Apparate GmbH ;
E-T-A GmbH ;
E. Gerstner Stiftung;
E. Reitz Natursteintechnik e. K. ;
e.n.o. energy systems GmbH;
E.ON;Avacon AG
e.sigma Technology GmbH ;
E+S Rückversicherung AG;
Eastern Graphics GmbH ;
Eaton Electric GmbH;
Ebert-Ing.;
Ebner Stolz Mönning Bachem Partnerschaft;
ecco ecology & communication;
eck*cellent GmbH;
Ed. Züblin AG;
EDAG GmbH & Co KGaA;
EDEKA ZENTRALE AG & Co. KG;
Edmund Optics GmbH ;
Eduard Wille GmbH & Co. KG;
Egypt Exploration Society;
Eimsbüttler Turnverband e.V. / 20144 Hamburg;
EinsteinZentrum Digital Future;
Einzelstifter aus der Werkzeugmaschinenindustrie;
EISAI GmbH;
EKO-Stiftung Bildung Ostbrandenburg;
Elanco Animal Health;
Elektro Jahn;
Elgert Bau GmbH, Harald Jost- Westendorf;
Eli Lilly and Company Ltd.;
Else Kröner-Fresenius-Stiftung;
Elsevier B.V. ;
EMIS Electrics GmbH;
EnBW;
Endo-Klinik;
ENEL;
Enercast;
Enercity;
ENERCON GmbH;
Energydesign;
EnerKite GmbH;
Enertech GmbH Adjutantenkamp 8 58675 Hemer;
Engelhard Arzneimittel;
eology GmbH ;
EORTC;
ePages Software GmbH ;
Eppendorf AG ;
Eppendorf Vertrieb Deutschland ;
Erasmus+;
ERCOS- PLAN Ingenieurgesellschaft ;
ERGO Group AG ;
ERGO Versicherungsgruppe AG ;
Erich Mundstock Stiftung;
Ericsson Eurolab Deutschland GmbH;
Ernst & Young;Ernst & Young AG, Ernst & Young GmbH, Ernst & Young Real Estate, Ernst & Young-Stiftung 
Ernst Abbe Stiftung ;
Ernst-Abbe-Stiftung;
ErsaTec GmbH;
Erzeugergroßmarkt Langförden-Oldenburg e.G., Vechta-Langförden;
ESA-European Space Agency;
Esterel Technologies GmbH, 64295 Darmstadt;
ETA - Elektrotechnische Apparate GmbH;
ETAPS e. V.;
Eugen und Irmgard Hahn Stiftung;
Eurawasser;
Eurex Frankfurt AG;
Euro Engineering;
euromechanics Medical GmbH;
European Mechanics Society EUROMECH;
European Research Services GmbH;
EUROPIPE GmbH;
EUROVIA Infra GmbH  ;
EVG Erdgasversorgungsgesellschaft  Thüringen-Sachsen mbH;
EvoLogics GmbH;
evon GmbH ;
Evonik;Evonik Degussa GmbH, Evonik Industries AG
Evonik Fibres GmbH;
EW Group GmbH, Visbek;
EWE;
EWM AG ;
Expertplace networks- group AG ;
Exxonmobil;
F. A. Wobst GmbH & Co. KG;
Fa.Uwe Quenzel;
facebook;
Fagus-GreCon Greten GmbH & Co. KG;
Fahrzeugindustrie;
Faurecia Autositze GmbH;
FAZIT-Stiftung;
Federal Ministry of Education ;
Feinchemie Schwebda;
Felix Schoeller Group;
Fels-Werke GmbH, Goslar;
FEM (Forscher Gemeinschaft elektronische Medien) e. V. ;
FEM e.V.;
Ferchau Engineering;
Fernseh- u. Kinotechnische Gesellschaft e.V., Berlin;
Fernseh- und Kinotechnische Gesellschaft e.V. (FKTG e.V.) ;
FERRING Arzneimittel GmbH;
Festo AG ;
FF  Inst.  f.  Antwaltsrecht,  c/o Geiersberger & Glas;
Ficht Fahrzeug + Marientechnik GmbH & Co. KG;
Fichtner;
FIM Kernkompetenzzentrum, Augsburg;
Finanz- DATA GmbH ;
Finnseed GmbH ;
Finseed GmbH ;
Firma Xilinx Inc.;
FKTG Fernseh- und Kinotechnische Gesellschaft e.V.  ;
Flintstone Engineering & Homes PLC ;
Fluigent Deutschland GmbH ;
Fluigent S.A. ;
FMT Medizintechnik GmbH;
Focus;
FOM Technologies ;
Fonds der Chemischen Industrie;
Forberg Schneider Stiftung, 80796 München;
Ford;Ford-Werke GmbH
Förder- und Freundeskreis der TU Ilmenau e.V. ;
Förder- und Freundeskreis TU e.V. ;
Fördergesellschaft Finanzmarktforschung e.V.;
Förderkreis;
Förderkreis EUV;
Förderverein  Institut für Anwaltsrecht (RAin Geiersberger);
Förderverein der BTU Cottbus;
Förderverein der Fakultät EI ;
Förderverein der Universitätskinderambulanz;
Förderverein für Mikro- und Nanotechnologien Ilmenau e.V. ;
Förderverein Kunststofftechnik an der Technischen Universität Ilmenau e. V. ;
Förderverein Kunststofftechnik e.V. ;
Förderverein Maschinenbau ;
Förderverein Theophil. Rostock;
Förderverein Wirtschafts- und Rechtswissenschaften, 26008 Oldenburg;
Formaxx AG ;
Forschungsgemeinschaft elektronische Medien (FeM) e.V. ;
Forschungskuratorium Maschinenbau e.V. (FKM e.V.);
Forschungsstiftung Ostsee;
FORTIS IT-Services GmbH;
Foundation Compositio;
Fr. Lürssen Werft GmbH & Co. KG;
FRANK RICHARD MOLITOR ;
Frank Uwe Matzky ;
Frankfurter Allgemeine Zeitung;
Frankfurter Stiftung für krebskranke Kinder;
Franz Kessler GmbH;
Fraunhofer FOKUS;
Fraunhofer Gesellschaft zur Förderung der angewandten Forschung e.V. ;
Fraunhofer-Gesellschaft;
Fresenius Kabi Deutschland GmbH;
Fresenius Medical Care;
Fresh-Pac Verpackungs mbH, Vechta-Calveslage;
Freunde der Architektur an der LUH e.V.;
Freunde der Herrenhäuser Gärten e.V.;
Freunde der Universität Mainz e.V.;
Freunde des Braunschweiger Botanischen Gartens;
Freunde und Förderer der Naturwissenschaften in Ilmenau e.V. ;
Freunde und Förderer der Universitätsmedizin Nordwest e. V., 26122 Oldenburg;
Freundeskreis;
Freundeskreis der Bauhaus-Universität Weimar e.V. ;
Freundeskreis der Forschungsbibliothek e. V. ;
Freundeskreis der Leibniz Universität Hannover;
Freundeskreis der LUH;
Freundeskreis des Pharmazeutischen Instituts e.V. ;
Friede Springer Stiftung;
Friede Springer-Stiftung;
Friedhelm Loh;
Friedhelm Nyhuis;
Friedrich Hüttenservice GmbH;
Friedrich Merz-Stiftung;
Friedrich Schiedel-Stiftung;
Frings und Kuschnerus;
Fritz-Hüttinger-Stiftung;
Fruend, Thea und Eckart;
Fuchs Gewürze GmbH, Dissen;
Fuchs Petrolub;
FUGUMA GmbH ;
Füller Glastechnologie Vertriebs-GmbH​;
FuLM e.V. Förderverein ;
Fulst GmbH, Braunschwg.;
Funktionale Materialien Rostock eV;
FVTR GmbH;
G quadrat GmbH;
G. Mebus-Pleugner;
G.A.Röders GmbH & Co.KG, Soltau;
Gabriella Mebus-Pleuger;
Gambro Medizintechnik GmbH;
"GAMPT mbh Gesellschaft für Angewandte Medizinische Physik und 
Technik mbh ";
GBG Forschungs GmbH;
GBS GmbH ;
GE Healthcare Buchler GmbH & Co. KG;
GEA Air Treatment GmbH;
Gebäudewirtschaft Cottbus GmbH;
GEDORE Werkzeugfabrik GmbH & Co. KG;
GELSENWASSER;
Gemeinde Essen;
"Gemeinnützige GmbH ""Alter Gleisberg"" ";
Gemeinschaft Evangelischer Ostpreußen ;
Genaxxon BioSience GmbH, ;
Genentech, Inc.;
General Electric;GE U/S Deutschland GmbH, GE Healthcare, GE Germany
Generali;
Generalkonsulat der Republik, Polen;
Generic Assays GmbH;
Genossenschaftsverband e.V.;
Genossenschaftsverband Norddeutschland;
genua GmbH ;
Genzyme B.V.;
GeoEnergy e.V.;
GEON GmbH ;
Georg Fischer GmbH;
Georg Haindl Wissenschaftsstiftung;
George P. Johnson GmbH;
Georgia State University ;
Georgsmarienhütte GmbH;
Geräte- und Pumpenbau GmbH ;
Gerit u. Reinhold P. Chris- tiani ;
Gertrud- Ryna- Brügge- mann- Stiftung ;
Gesamtverband der Deutschen Versicherungswirtschaft e. V.;
Gesellschaft d.Freunde u.Förderer d.FSU Jena e.V. ;
Gesellschaft der Freunde und Förderer des Fachbereichs Wirtschaftswissenschaften der Universität Osnabrück e. V.;
Gesellschaft deutscher Chemiker;
Gesellschaft f. staatsbürgerl. Bildung, Saarbrücken;
Gesellschaft für Abfallwirtschaft und Altlasten M-V mbH;
Gesellschaft für Bild- und Signalverarbeitung GBS GmbH ;
Gesellschaft zur Förderung der Fach.;
GESOBAU AG;
Gesundheitswirtschaft Nordwest e.V., 28195 Bremen;
GfK Nürnberg e.V.;
GHD GesundHeits GmbH;
Giesecke und Devrient GmbH ;
Giesel Verlag GmbH;
Gilead Sciences Inc.;
Gips-Schüle-Stiftung;
GIS Gesellschaft für Informationssysteme AG;
GKD - Gebr. Kufferath AG;
Glatt GmbH Binzen;
Glatt IngenieurTechnik GmbH ;
Glaxo Smithkline GmbH & Co;Glaxo Wellcome GmbH & Co., Bad Oldesloe
Global C GmbH;
GLOBALFOUNDRIES ;
GMC Systems mbH ;
GNS Gesellschaft für Nuklear-Sicherheit mbH;
Gold-S, Dr. Christoph von Mandach ;
Goldbeck;Goldbeck West GmbH, Goldbeck Ost GmbH, Goldbeck-Stiftung
Goldbeck GmbH ;Goldbeck West GmbH, Goldbeck Ost GmbH, Goldbeck-Stiftung
Goldbeck Ost GmbH ;Goldbeck West GmbH,  Goldbeck-Stiftung
Google;Alphabet Inc., Google LLC
google / youtube ;
GÖRG Partnerschaft von Rechtsanwälten ;
Görg Partnerschaft von Rechtsanwälten mbB ;
GÖRG Partnerschaft von Rechtsanwälten mbH ;
Görg Rechtsanwälte, Essen;
Gothaer Versicherung;
Gottfried-Wilhelm-Leibniz- Bibliothek;
GRAFE Advanced Polymers GmbH;
GRAFE Color Batch GmbH;
Green Way Systems GmbH;
Grimme;
Grimme Institut;
Grintech GmbH ;
GRUND- FOS GmbH ;
Gründerforum Ilmenau e.V. ;
Grünenthal GmbH;
Grüner Bereich GmbH;
Gry Pharma GmbH;
GSG Oldenburger Bau- und Wohnungsbaugesellschaft GmbH;
GSI;
GTT Gesellschaft für Technologie-Transfer mbH;
GTT mbH;
Gude Analog- und Digitalsysteme GmbH;
H. Bröring GmbH & Co. KG;
H. Heinz Mess- wider- stände GmbH ;
H. u. E. Weichmann-Stiftung;
H.C. Starck GmbH, Goslar;
Haarmann Holding GmbH;
HaCon Ingenieurgesellschaft mbH;
Hahn, Prof. Dr. Hans- Henning, 26689 Augustfehn;
Hamburg Port Authority;
Hamburger Institut f. Sozialforschung;
Hamburger Stiftung zur Förderung von Wissenschaft und Kultur;
Hamm Markert Solution GmbH & Co KG;
Handwerkskammer Frankfurt-Rhein-Main;
Hannover 96 GmbH;
Hannover Center of Finance e.V.;
Hannover Leasing GmbH;
Hannover Leasing GmbH & Co. KG ;
Hannover Rückversicherung AG;
Hannoversche Versicherungsunternehmen;
Hans Gottschalk-Stiftung;
Hans und Marlies Stock-Stiftung;
Hans-Böckler-Stiftung;
Hans-Fischer-Gesellschaft e.V. / 85345 Freising;
Hans-Mühlenhoff-Stiftung, Osnabrück;
Hanse-Club;
Hansewissenschaftskolleg;
Harting;
Harzwasserwerke ;
HASCO Has- enclever GmbH + Co KG ;
Haskonin gDHV Nede land B.V. ;
Hasso-Plattner-Institut für Softwaresystemtechnik GmbH;
Hauck, Dr. Heinz-Emil, Am Martinsrain 15, 64823 Groß-Umstadt;
Haus + Grund Braunschweig, Braunschweig;
Haus der Kulturen der Welt;
Hausverwaltung Weiß ;
Haver & Mailänder RA Partnerschaft mbH ;
HAZET-Werk Hermann Zerver GmbH & Co. KG;
HD Automation GmbH;
HDI Gerling;
HEAD acoustics GmbH;
Hearing Care Corp., USA, Bloomington MN 55420;
Heidelberger Druckmaschinen AG;
Heiligenfeld Kliniken;
Heinrich Fip GmbH & Co.KG;
Heinrich Hirdes GmbH;
Heinrich Kramwinkel GmbH;
Heise Medien Gruppe GmbH & Co. KG;
Heise Medien Gruppe GmbH & Co.KG;
Helaba;
HELABA Landesbank Hessen- Thüringen ;
Heliatek GmbH;
Hella Corporate Center GmbH ;
Hellmann Worldwide Logistics GmbH & Co. KG;
Helmholtz-Allianz;
Helmut Kempkes GmbH;
Hengelbrock, Dr. Matthias, Christian-Runde-Weg 10, 26121 Oldenburg;
Hengeler Mueller;
Hengeler Müller Partnerschaft ;
Henkel;Henkel AG, Fritz-Henkel-Stiftung
Henkel & Roth GmbH ;
Henriette Schmidt-Burkhardt;
Heraeus;HOCHTIEF Concessions AG, Hochtief Solutions AG
Herbert Kannegießer GmbH;
Herbstreit & Fax KG Pektin- Fabriken;
Hereaus Holding ;HOCHTIEF Concessions AG, Hochtief Solutions AG
Heristo AG;
Herm. Sprenger GmbH;
Hermann G. Dethleffsen-Familienholding;
Hermann und Else Schnabel Stiftung / 20354 Hamburg;
Hermann Veeh GmbH & Co. KG;
Hermes Arzneimittel GmbH ;
HERO Hafen-Entwicklungsgesellschaft Rostock GmbH;
Herr Dr.-Ing. E.h. Udo-Willi Kögler und Frau Christine Kögler;
Herr große Holthaus/PROFI;
Herrenknecht AG;
Herrenteichslaischaft;
Herta Thiemann;
Hertie-Stiftung;
Hettich Holding GmbH & Co. oHG;
Hexagon Metrology PTS GmbH ;
hhpberlin Ingenieure für Brandschutz GmbH;
High Finesse GmbH ;
Hightech Gründerfonds Management GmbH ;
Hilti;
Hinstorff Buchverlag;
Hipp GmbH;
HLB Dr. Stückmann & Partner mbB;
HOCH- TIEF Solutions GmbH ;
Hochschule Osnabrück;
Hochschulsport Marketing GmbH;
Hochtief;HOCHTIEF Concessions AG, Hochtief Solutions AG
Hoechst;
Hofbrauhaus Wolters;
Höffmann Reisen GmbH;
Hoffmann-La Roche AG;
Höft & Wessel AG;
Holcim AG;
Holtzbrinck-Stiftung;
Holzhauer, Helmut, Dr.;
Homann GmbH, Dissen;
Honeywell Specialty Chemicals;
HORIBA Jobin Yvon GmbH ;
Horst Görtz Stiftung;
Horst-Rohde-Stiftung;
HorstmannGroup;
Hortense von Heppe;
HPC Aktiengesellschaft;
HSBC Globel Asset Management/Prof. Dr. - Ing. Jischa;
HüBNER GmbH;
Humbold-Universität Berlin, Institut f. Rehabilitationswissenscha ften;
Hungerer, Klaus-Dieter, 35041 Marburg;
Hydro Aluminium Rolled Products GmbH;
Hypovereinsbank;
HypoVereinsbank;
IAV GmbH;
IAV GmbH ;
iba Institut für Bioprozess- und Analysenmesstechnik e.V.  ;
IBH - Herold & Partner Ingenieure ;
IBM;
ibmv Maritime Innovationsgesellschaft mbH;
IDAM AG & CO KG ;
iDerm GmbH;
iDev GmbH;
IFE Eriksen AG;
IFM Motorentechnik;
IfMOS, Institut f. Mittelstandsfragen an der Universität Osnabrück;
ifo Institut für Wirtschaftsforschung e.V.;
IG Metall Jena- Saalfeld und Gera ;
IGBM Internationale Gesellschaft;
IHI Charching Systems International GmbH ;
IHK Aachen;
IHK Braunschweig;
IHK Lübeck;
IHK Ostbrandenburg;
IKN GmbH - Ingenieurbüro Kühlerbau;
IKPV - Ilm-Kreis Personenverkehrs Gesellschaft mbH ;
IKS Ingenieurbüro Steffen Knaber ;
Ilex Freundeskreis Botanischer Garten e. V., 26121 Oldenburg;
Ille Papierservice GmbH;
IMEDOS System UG ;
IMEDOS Systems UG ;
Imedos Systems UG ;
IMS Ingenieurgesellschaft;
INAWA GbR ;
incowia GmbH ;
IndiTango AG;
Industrie- und Handelskammer Ostwestfalen zu Bielefeld;
Industrie- und Handelskammer, Osnabrück;
Infineon Technologies AG;
INFO AG;
INFORM Institut für Operations Research und Management GmbH;
Informations- und Bildungszentrum Email e.V.;
Infraserv;
Ing.büro Biesenbruch/DAT Bergbautechnik GmbH;
Ingenieurbüro für Baustatik und Grundbau ;
Ingenieurbüro IPP;
Ingenieurgesellschaft für Verkehrs- und Eisenbahnwesen mbH, Hannover;
Initiative Erfurter Kreuz e.V. ;
Initiative Wissenschaft u. Automobilindustrie ;
innogy Foundation for Energy and Society;
InSightec - TxSonics Ltd.;
Installatio nsbetrieb Wendt GmbH & Co. KG ;
Institut für Arbeitsrecht an der UR e. V.;
Institut für Bahntechnik GmbH - IFB - ;
Institut für Bildsame Formgebung an der RWTH Aachen;
Institut für Bildung in der Informationsgesellschaft gGmbH - IBI - ;
Institut für Innovative Medizintechnik e. V.;
Institut für Markentechnik SA;
Institut für Mechatronik e.V. ;
Institut für Rechtstatsachenforschung ;
Institut für Spielanalyse GmbH;
Institut für Umwelttechnik und Recycling Senftenberg e. V.;
Institut für vergleichende Städtegeschichte IStG gGmbH;
Institut Wohnen und Umwelt (IWU);
Instituto Di Cibernetica e Biofisica;
INTAVIS Bioanalytical Instruments ;
Intel GmbH;Intel Mobile Communications GmbH
Intenta GmbH Chemnitz;
INTER- SHOP Comm. AG ;
Internatational Deferation for mechanics ;
International Academy;
InterRex GmbH;
Intershop Communications AG ;
InterSystems GmbH ;
Intevation GmbH, Osnabrück;
INVERSO GmbH ;
Investitionsbank des Landes Brandenburg;
Investor Center Ostbrandenburg;
Iomedico GmbH;
IOT - Innovative Oberflächentechnologien GmbH;
IPH - Institut für Integrierte Produktion Hannover GmbH;
IPHT ;
IPHT e.V. Jena ;
IPOL ;
IPOL GmbH ;
IPP Milnster GmbH;
iproplan Planungsgesellschaft mbH;
Ipsen Pharma GmbH;
IQB Career Services AG;
IS Forschungsgesellschaft mbH;
ISDM – International Strategies for Digital Media ;
ISF GmbH;
ISK – Ingenieurbüro Steffen Knabner ;
ISK Ing.- Büro Steffen Knaber ;
ISLE e.V. ;
ISLE Steuerungstechnik und Leistungselektronik e.V. ;
ISN Interessengemeinschaft der Schweinehalter e. V., Damme;
ISR Information Products AG;
ISRA Vision AG;
ITE-Engineering GmbH;
itemis AG;
itemis AG ;
ITEMIS AG ;
Iteratec ;
iteratec GmbH;
iTUBS - Innovationsgesellschaft Technische Universität Braunschweig mbH, Braunschweig;
IWG GmbH ;
IWG mbH ;
Jabitherm Rohrsysteme AG;
Jacobs;
Janssen Cilag GmbH;
JC Autobatterie GmbH & Co. KGaA;
JCB Institut für Chemo- und Biosensorik GmbH;
JENA BIOSCIENCE GMBH ;
Jena Wirtschaftsförderung ;
JenaBiosc ience GmbH ;
JenAcon GmbH ;
Jenawohnen Gmbh ;
Jenoptik;
Jenoptik AG ;
Jochen Bredemeyer;
Johann Bünting-Stiftung;
Johann Georg von Hülsen ;
Johanna Quandt;Johanna Quandt Universitätsstiftung
Johannes Fries GmbH & Co KG;
Johannes Hübner Stiftung ;
Johnson Controls International;
Johnson Controls Systems + Service GmbH ;
JOR- DAHL GmbH  ;
Josef-Buchmann-Stiftung;
Junge öffentliche Versicherung;
Jungheinrich AG / 20047 Hamburg;
juris-GmbH ;
Juristisches Reptitorium hemmer Osnabrück GbR;
JustOn GmbH ;
K.A. Schmersal GmbH & Co. KG;
K.H. Bauer Stiftung;
K.H. Brinkmann GmbH;
K+S Aktiengesellschaft;
K+S Ingenieur- Consult GmbH & Co. KG ;
Kaffee Partner, Ost- Automaten GmbH, Osnabrück;
Kali und Salz AG;
Kalvelage Holding GmbH, Höltinghausen;
Kanzlei CMS Hasche Sigle ;
Kanzlei Hengeler Müller ;
Kanzlei Heuking Kühn Luer Wojtek ;
Kanzlei Noerr LLP ;
Kanzlei P+P Pöllath und Partners;
Kanzlei Schilling, Zutt, Anschütz ;
Kanzlei Squire Patton Boggs ;
KARDIO- DEX AS ;
Karl E, Brinkmann GmbH;
Karl Heesemann Maschinenfabrik GmbH & Co. ;
Karl Storz GmbH;
Karl-Schlecht-Stiftung;
Karl-Vossloh-Stiftung;
Kassenärztliche Bundesvereinigung KBV;
Kassenärztliche Vereinigung Bayerns;
Katholischer Hospitalverbund Hellweg, Unna;
Kaupp, Gerd, 26188 Edewecht;
KBB Underground Technologies GmbH, Hannover;
KELSO Institut;
Kelso-Stiftung ;
Kendrion Mechatronics Center GmbH ;
Kerckhoff-Stiftung;
KfW IPEX- Bank GmbH ;
Kieback & Partner GmbH & Co.KG ;
Kind Hörgeräte GmbH & Co. KG;
King Abdulaziz University Saudi Arabien;
Kinzelbach, Prof. Ragnar;
KIRCHHOFF Gruppe;
Kisters AG;
Kiwa MPA Bautest GmbH;
Kjellberg-Stiftung;
Klassik Stiftung Weimar ;
Klaus Faber AG;
Klaus Tschira Stiftung;EML Research gGmbH (Tochtergesellschaft der Klaus Tschira Stiftung) 
"Klaus-Töpfer-Stiftungsjuniorprofessor
Sparkassenstiftung, Firma APL Prüftechnik, Karl-Fix-Stiftung, Energie Südwest und Kreisverwaltung Südliche Weinstraße.";
Klemm Sohn GmbH & Co.KG;
Klett Verlag ;
Klett-Stiftung, Dr. Michael Klett;
Klinik am See;
KMU Beratungsverband Bundesverband freier Berater e. V., 40221 Düsseldorf;
Knauf Gips KG;
Knauf Unternehmensgruppe;
Knipex-Werk C. Gustav Putsch KG;
KNOTEN Weimar GmbH ;
Kolbus GmbH & Co.KG;
Komet Group GmbH;
Kommunalkredit Austria AG ;
KOMSA Kommunikation Sachsen AG;
Kosenina, Alexander;
Köster GmbH, Osnabrück;
Kötting, Dr. Johann, August-Hinrichs-Str. 46, 25129 Oldenburg;
Kötting, Johannes;
KPMG;
KPMG AG Wirtschaftsprüfungsgesellschaft ;
Krebs und Kiefer Ingenieure GmbH ;
KREBS+ KIEFER Ingenieur e GmbH ;
Kress, Ulm;
Krone;Krone Stiftung
Kronoply GmbH;
Kronoply GmbH ;
KSB;
KSB-Stiftung;
KSC Kraftwerks-Service Cottbus;
KSM Castings GmbH, Hildesheim;
Kuhlmann, Volker ;
Kuhn & Bülow Versicherungsmakler GmbH;
Kühne + Nagel (AG & Co.) KG;
KUKA AG;
Kur- und Rehaklinik GmbH;
Kurierverlags GmbH & Co. KG;
Kusala Foundation;
KV Saar;
KWS;
Lafarge Zement GmbH ;
LANCOM Systems GmbH;
Land Baden-Württemberg ;
Landesbank Berlin AG;
Landesbank Hessen-Thüringen HELABA;
Landesentwicklungsgesellschaft Thüringen mbH ;
Landessparkasse zu Oldenburg;
Landesversicherungsanstalt Oberbayern (LVA);
Landschaftliche Brandkasse, Hannover;
Landwirtschaftliche Brandkasse Hannover;
Lang Metallwarenproduktion Neubrandenburg GmbH;
LANXESS;
Laseroptik GmbH;
LASOS Lasertechnik GmbH ;
Lastronics GmbH ;
Laves-Stiftung;
Lawo AG ;
Layertec GmbH ;
LDKKA des OKR Oldenburg;
Leffers & Co. GmbH & Co. KG, 26122 Oldenburg;
LEG Thür. Landesentwicklungsgesellschaft ;
LEG Thüringen;
Lehmann + Partner GmbH ;
Leibniz Institut für Photonische Technologien e.V.;
Leibniz Universitätsgesellschaft;
Leica Mycrosystems;
Leipziger Stiftung für Innovation und Technologietransfer;
Lenze SE;
LEONHARD KURZ Stiftung;
Leonhardt , Andrä und Partner ;
LfA Förderbank Bayern;
LHE Rechtsanwälte ;
LIDL Dienstleistung GmbH & Co.KG;
Liebherr-Holding;Liebherr-International AG
Lilli Pharma Holding GmbH;
Lilly Deutschland GmbH;
LIMO Lissotschenko Mikrooptik GmbH;
Linde;Linde Group, Praxair, Linde Air Products
Lindemann, Wilhelm, 27793 Wildeshausen;
Lindig Fördertechnik GmbH ;
Lions Club Hilfswerk Euregio Maas-Rhein e.V.;
Lions Hilfswerk Braunschweig- Dankwarderode;
Lions-Club Frankfurt (Oder);
Lipoid GmbH ;
Lloyd's Register EMEA;
LO-COR Bioscienc es GmbH ;
Locomotec;
LOEWE;(öffentlich, hessische Exellenzinitiative)
LONZA AG;
LOT- QuantumDesign GmbH;
Loth und Partner;
Low & Bonar GmbH ;
Loytec electronics GmbH ;
LR Medienverlag und Druckerei GmbH;
Ludgerusschule Vechta, 49377 Vechta;
Ludwig-Heidenhain-Stiftung;
Lufthansa;Lufthansa Technik AG
Lufthansa Flight Training GmbH;
M. DuMont Schauburg Expedition;
M. Patzelt;
Madsack GmbH & Co.KG;
Magma Gießereitechnologie GmbH;
Mahle;Mahle GmbH, Mahle-Stiftung GmbH
MainFirst Bank;
MAN SE;
Mann + Hummel GmbH;
Marga und Kurt Möllgard-Stiftung;
Markmann GmbH;
Martens, Maik;
Martin Mohren;
Martin Saalfrank ;
Marx Gómez, Jorge;
MASLATON Rechtsanwaltsgesellschaft mbH;
match2 blue GmbH ;
match2bl ue GmbH ;
Mathias-Tantau-Stiftung / 25436 Uetersen;
Matrikel 79 ;
Mawe-beratung GmbH;
Max Hoffmann GmbH & Co. KG;
Max-Grünebaum-Stiftung;
Max-Planck-Gesellschaft;
Max-Träger-Stiftung;
MAZeT GmbH;
MAZet GmbH ;
MBN Bau;
McKinsey & Company, Inc.;
MCS GmbH Thüringen ;
MCS Media & Communication Systems GmbH ;
MDR ;
Mebus-Pleuger, Gabriella;
mecca neue medien GmbH & Co. KG;
Mecklenburgische Versicherungsgruppe;
MED-ELelektromedizinische Geräte;
medbo (Medizinische Einrichtungen des Bezirks Oberpfalz);
Media & Communication Systems (MCS) GmbH Thüringen ;
Median Kliniken;
Medical Park AG;
Medienfabrik Gütersloh GmbH;
Mediengruppe Thüringen Verlag GmbH ;
Medipan GmbH;
Medtronic Europe Sarl;
Mehl, Klaus;
Mehler Texnologies GmbH;
Meier, Marlen, An der Beverbäke 12, 26123 Oldenburg;
Melexis GmbH  ;
Melitta Bentz GmbH & Co. KG;
Melos GmbH;
MENLO SYSTEMS GMBH ;
Menlo Systems GmbH ;
Mercator Stiftung / ;
Merck Group;
Meridiam Infrastructure;
Merkur Bank KGaA;
Merkur Bank KGaA ;
MERKUR BANK KGaA ;
Merz;Merz Holding, Merz Consumer Care
Messe Frankfurt;
Messe und Veranstaltungs GmbH;
Messe und Veranstaltungs GmbH Frankfurt (Oder);
Metanomics GmbH;
Meteo Viva GmbH ;
Metro AG;
Metropolregion Hannover, Braunschweig Göttingen, Wolfsburg GmbH ;
Meyerdierks Immobilien Treuhand- und Verwaltungsgesellschaft mbH, 26122 Oldenburg;
MEYTEC GmbH Informationssysteme;
Mibrak;
Microsoft Deutschland GmbH;
Miele & Cie. KG;
Missing Link eG, 28199 Bremen;
Mittelbrandenburgische Sparkasse;
Mitteldeutsche Braunkohlengesellschaft mbH, Zeitz;
ML Mikrolithographie Service GmbH ;
MLP AG;
modulor Berlin;
Molecular Health GmbH;
Mölnlcke Health Care AB;
Monsanto;Jetzt Bayer AG
Monsanto Agrar Deutschland GmbH;
Moticon GmbH;
MPI für Plasmaphysik;
MRB Automation GmbH ;
MSD Sharp & Dohme GmbH ;
MSD Sharp & Dohme GmbH  ;
MT-Propeller Entwicklung GmbH;
MTU Maintenance;
Muhr und Bender KG;
Munic Re;
MVV Energie AG;
N3 Engine Overhaul Services GmbH & Co.KG ;
Naif Abdullah;
National Instruments Germany GmbH ;
National Safety Associates (NSA AG);
NATURpur Institut für Klima- und Umweltschutz:;
Naue GmbH & Co. KG ;
NBB Netzgesellschaft  Berlin-Brandenburg mbH & Co KG;
Nds. Anwalt- und Notarverband;
Nds. Geflügelwirtschaft e.V., Oldenburg;
NEGZ;
nesseler-grünzig-bau gmbh;
Nestlé;
Netrada Management GmbH;
netspar;
Netze BW GmbH;
NETZSCH Gerätebau GmbH ;
Neudorff GmbH KG;
Neudorff, W. GmbH KG, Emmerthal;
Neue Presse Verlags-GmbH;
Neurologisches Rehabilitationszentrum Godeshöhe e.V.;
New Desktop AG;
NH-HH-Recycling e.V., Stamsried;
Nibelungen-Wohnbau-GmbH ;
Niederlande Taal;
Niederländische Taaluni;
NiedersachsenMetall e. V.;
Niedersächsisches Institut für frühkindliche Bildung und Entwicklung e.V., Osnabrück;
NILES-SIMMONS-HEGENSCHEIDT GmbH;
Niles-Simmons-Hegenscheidt-Gruppe;
nkt cables GmbH;
NKT Photonics GmbH ;
Nobilia-Werke J. Stickling GmbH & Co. KG ;
Noerr LLP ;
Nokia Oyi ;
Nord LB;
Norddeutsche Landesbank;
Nordex SE;
Nordmetall;Nordmetall-Stiftung, NORDMETALL- Verband der Metall- und Elektroindustrie e.V.
Nordwest Assekuranzmakler GmbH & Co. KG, 28199 Bremen;
Nordwest-Zeitung;
Nordzucker AG;
Norton Rose Fulbright ;
Nottingham Clinical Research Ltd.;
Novaled AG;
Novartis;
Novartis Consumer Health GmbH;
Novartis Pharma AG;
Novartis Pharma GmbH;
Novasib GmbH ;
Novelis Switzerland SA;
Novo Nordisk Pharma;
Novus Marketing;
NRS Norddeutsche Retail-Sevice AG (Haspa);
NRW Bank;
NRW Bank ;
NRW- Bank ;
NSA AG;
NTGL - Nano Technologie Leipzig GmbH;
Nufarm Deutschland GmbH, Köln;
numares AG ;
numares GmbH ;
Numata Foundation;
NUMERIK JENA GMBH ;
Numerik Jena GmbH ;
Nürnberg Messe GmbH ;
Nürnberger Versicherungsgruppe;
NXP Semiconductors;
Ober Scharrer Gruppe;
Oberberg Stiftung;
OCLC GmbH, 82041 Oberhaching;
Oerlikon;
Öffentliche Versicherung Braunschweig;
OFFIS;
OHB System AG;
Olaf Nenninger ;
Oldenburger Förderdervein für Informationstechnologie, 26121 Oldenburg;
Oldenburgische Industrie- und Handelskammer;
Oldenburgische Landesbank;
OLEC, Oldenburger Energiecluster e.V.;
OLEC, Oldenburger Energiecluster e.V., 26129 Oldenburg;
Ölmühle Anklam;
Ömer Akcay;
Omnilab Laborzentrum;
Omnilab-Laborzentrum GmbH & Co.KG, 28359 Bremen;
Omnis- busbetrieb Sina Fleisch- mann ;
OMPG ;
OnCommerce GmbH ;
One Subsea GmbH;
ONEFIVE GmbH ;
Online GmbH;
Opel;
Optic Balzers GmbH ;
Optic Balzers Jena GmbH ;
Optical Systems GmbH;
Optics Balzers ;
Optics Balzers Jena GmbH ;
Optivs Balzers Jena GmbH ;
optiX fab GmbH ;
ORAFOL ;
Orafol ;
Orafol Fresnel Optics GmbH ;
ORANGE EDGE - urban research and mar- keting ;
Orascom Hotels;
ORISA Software GmbH ;
Orizon GmbH ;
OS Steuerforum;
OSB AG;
Oscar Romero Stiftung;
Oskar Frech GmbH + Co. KG;
Osnabrücker Steuerforum;
Ostdeutscher Sparkassenverband;
OSTO Systemberatung GmbH;
Östreich, Michael Dr.;
Osypka;Peter-Osypka-Stiftung
Otto Gruppe;
Outotec GmbH, Oberursel;
OWR Reiseveranstaltter, Wallenhorst;
P&P Pöllath + Partners, Rechtsanwälte und Steuerberater ;
Palentir Technologies UK, Ltd. ;
Pax Bank e.G. ;
PDV- Systeme GmbH ;
Pekana Naturheilmittel GmbH;
Peltzer Werke - Form & Präzision in Metall GmbH;
Perschmann GmbH, Braunschweig;
Pestalozzi-Fröbel-Haus Berlin;
Peter Behrens School of Architecture;
Péter Horváth;
Peter Löscher;
Peter-Osypka-Stiftung, Grenzach-Wyhlen;
Peters, Schönberger & Partner GbR ;
Petersen Tegl A/S, Jørn Enderlein, Nybølnorvej 14, 6310 Broager, Denmark ;
PETRONORD Energie- und Wärmekonzepte GmbH / 20459 Hamburg;
Pfizer Deutschland GmbH;
Pfizer GmbH;
Pfizer Pharma GmbH ;
PFK ARBICON ZINK KG, 26122 Oldenburg;
Pfrimmer Nutricia GmbH;
PharmatrophiX Inc.;
Philips;Philips Respironics
Philotech Systementwicklung und Software GmbH;
Phoenix Contact;
Phonak AG;
Physik Instrumente ;
Phytolab GmbH & Co.KG;
PHYWE Systeme GmbH und Co. KG ;
Piepenbrock Unternehmensgruppe GmbH & Co KG;
Piezosystem Jena GmbH ;
Pilz GmbH & Co. KG;
Pius-Hospital Oldenburg;
Pixida GmbH;
PLANET intelligent systems GmbH;
Plankonzept GmbH ;
Plattenhardt KG;
PLUS Paris- London- University of Salz- burg ;
PNE Wind AG, 27472 Cuxhaven;
PNN Zeitungsverlagsgesellschaft;
PolyAn GmbH;
Polytec;
Polytechnische Gesellschaft Frankfurt am Main;
POM Planet of Motion GmbH ;
Popken Fashion Group;
Pöppelmann GmbH & Co.KG, Lohne;
Porsche;
Possehl-Stiftung;
Postbank;
PPD Germany GmbH & Co. KG;
PPI AG;
Preussische Genossenschaft - Johanniterorden;
Preussler, Robin ;
PricewaterhouseCoopers;
PriceWaterhouseCoopers AG ;
Pro Retina-Stiftung;
Pro-Qual Ingenieurbüro;
Procter & Gamble Manufacturing GmbH;
Prof. Dr. Antje Schwalb;
Prof. Dr. Armand Blaschette;
Prof. Dr. Dirk Verse;
Prof. Dr. Hans-Werner Rengeling, Münster;
Prof. Dr. Ing. Heinz Duddeck, Braunschweig;
Prof. Dr. Ing. Rehm Gallus, München;
Prof. Dr. Isabella Proeller;
Prof. Dr. Jürgen G. Heinrich;
Prof. Dr. Michael Schilling;
Prof. Dr. Rolf Wahl, Luisenklinik Bad Dürrheim;
Prof. Dr. Schwan;
Prof. Dr.-Ing. G. Rehm;
Prof. Dr.-Ing. Jürgen Salge ;
Prof. i.R. Dr. Henning Hopf ;
Prof. Rie, Braunschweig;
Prof. Roland Koch, Bad Muskau;
Prof. Rüdiger Höffer ;
Prof. Vierhaus;
Prof. Vierhaus, Cottbus;
Prof. Widl, Maria ;
Prof.Dr, Claus Rollinger, Osnabrück;
Prof.Dr. Hans Achenbach;
Prof.Dr. Jürgen Kriz;
Prof.Dr. Nana Schürer;
Prof.Dr. Nana Schürer, Osnabrück;
Prof.Dr. Sabine Giesberecht, Osnabrück;
ProIfEV e.V., Braunschweig;
ProIng Begemann & Drabow GbR;
proPlant GmbH Gesell. f. Agrar- und Umweltinformatik mbH;
PROvendis GmbH;
Provinzial AG;
PROVITRO GmbH;
proWiWi e.V. ;
proWiWi e.V. Ramthor-  ;
PSC Beratungscontor AG, 20354 Hamburg;
PSG Procurement Services GmbH, 53797 Lohmar;
PTV Group ;
Publisher Partners GmbH Redaktion doppio.tv ;
PV Crystalox Solar Silicon GmbH ;
PVS - Privatärztliche VerrechnungsStelle Rhein-Ruhr GmbH;
PWC GmbH ;
PwC- Stiftung ;
Qualifizierungszentrum d. W.;
Quantac GmbH;
Quintiles GmbH;
R-Biopharm AG;
RA Görg, Essen;
RadArt ;
Radboud Universi- teit Nijme- gen ;
RAG AG;RAG Steinkohle AG
Railistics GmbH;
Ramthor Stiftung ;
RBB;
Rechtsanwaltskammer Celle;
Regina e.V.;
Regina und Günter Ramthor Stiftung, Apolda;
Reha aktiv 2000 ;
Reisebüro Schmidt GmbH;
Reisswolf Akten- und Datenträgervernichtung GmbH;
Rekers Betonwerk GmbH;
ResMed GmbH & Co. KG;
Rhein-Kreis Neuss Kulturzentrum Rommerskirchen-Sinsteden;
Rhein-Main-Verkehrsverbund GMBH;
Rheinmetall Auromotive AG;
Rhön-Klinikum AG;
Richard Borek Stiftung, Braunschweig;
Richter Cine Technik GmbH & Co Betriebs KG ;
Riedel-de-Haen GmbH;
RMIG GmbH;
Robert Bosch Fahrzeugelektrik Eisenach GmbH ;
Robert Bosch GmbH;
Robert Bosch GmbH ;
Robert-Bosch-Stiftung;
Robert-Luther-Stiftung;
Roche;
Roche Pharma AG;
Rockwood Lithium GmbH;
Rodeco Consulting GmbH;
Rödl & Partner;
Rogge, Ines R.;
Rohde Gruppe;Rohde Familien Holding, ROHDE & SCHWARZ GmbH & Co. KG, Rohde Tief- u. Straßenbau GmbH, Ulrich L. Rohde Stiftung
Rohde und Schwarz GmbH & Co.KG ;
Roland Berger Strategy Consultants GmbH;
Rolls-Royce;
Rosen Tantau KG;
ROSEN Technology & Research Center GmbH;
Rossmann GmbH;
Rotary Club Oldenburg-Ammerland;
Rotary Club Weimar ;
Rotary Deutschland Gemeindienst e.V. Düsseldorf;
Rotary Hilfsfonds Weimar- Bauhaus e.V. ;
Rotary International Distrikt 1940;
Rotary-Club;
Rücker;Rücker AG, Rücker GmbH
Rudolf-Augstein-Stiftung;
Ruhr-Oel GmbH;
Rüpke, Jörg ;
Ruschke, Wilhelm ;
Ruth-Printmedien;
RWE;
S. Fischer Stiftung, Berlin ;
Saalesparkasse ;
Sachsen Bank;
Saint Gobain;
SALT AND PEPPER Nord GmbH & Co. KG;
Salzgitter AG;
Sandoz Pharmaceuticals GmbH;
Sanofi Aventis;Sanofi-Aventis Deutschland GmbH, Aventis Foundation
Sanofi Aventis Deutschland ;Sanofi-Aventis Deutschland GmbH, Aventis Foundation
Sanofi-Aventis Deutschland GmbH;Sanofi-Aventis Deutschland GmbH, Aventis Foundation
Santander Bank;
Sanum Kehlbeck GmbH & Co. KG;
SAP;
SAP SE ;
Sartorius;Sartorius Corporate Administration GmbH, Sartorius Stedim Biotech GmbH
Sartorius ;Sartorius Corporate Administration GmbH, Sartorius Stedim Biotech GmbH
Sartorius Lab In- struments GmbH & Co.KG ;
Sartorius Weighing Technologies GmbH ;
SASOL Germany GmbH ;
Sauter- Cumulus GmbH ;
Sawiris Foundation for Social Development;
sbp gmbh schlaich berger- mann partner ;
Schaeffler Gruppe;
Schafft, Andreas Michael ;
Schäfter + Kirchhoff GmbH;
Scherdel Schweiß- und Um- formtech- nik GmbH ;
Schering Stiftung;
Schmidt-Wilkens, Detlef, 26135 Oldenburg;
Schneider Electric Sachsenwerk GmbH;
Schnellecke Logistics AG & Co. KG;
Schön Kliniken GmbH;
Schön-Kliniken ;
Schorch GmbH;
Schott AG ;
Schott AG, Mainz;
Schött Druckguss GmbH, Menden;
Schott Fonds;
Schott Glas;
Schott Jenaer Glas GmbH ;
Schott-Fonds, Mainz;
Schründe r, Dr. Stephan ;
Schüco International KG;
Schülerforschungszentrum, Osnabrück;
Schultz, Stephan ;
Schüßler Plan GmbH ;
Schweitzer Fachinformationen, 80687 München;
Schweizer Radio und Fernsehen (SRF);
Schwermetall Halbzeugwerk GmbH & Co. KG;
Scopevisio AG, Bonn;
Seele, Anett und Jan, Antdorf;
Selbsthilfeverein Nutzer i. L.;
Selecta Klemm +Sohn GmbH & Co. KG;
Semcon Holding GmbH & Co. KG;
Senacor Technologies AG;
Senacor Technologies AG ;
Senator für Umwelt, Bau und Verkehr, 28195 Bremen;
Senckenberg-Gesellschaft für Naturforschung;
Sennheiser Electronic GmbH & Co. KG;
Seramun Diagnostica GmbH;
SERVA Electrophoresis GmbH ;
SERVIER GmbH;
SGO- Stiftung ;
SHE Informationstechnolgie AG, Ludwigshafen;
Shimane Japan;
Shire Deutschland GmbH;
Sick AG;
SICK AG ;
Sidley Austin LLP ;
Sieb & Meyer AG;
Siemens AG;Siemens AG, Siemens Audiologische Technik GmbH, Werner-Siemens-Stiftung, Siemens Healthcare, Carl Friedrich von Siemens Stiftung 
Siemens AG;Siemens AG, Siemens Audiologische Technik GmbH, Werner-Siemens-Stiftung, Siemens Healthcare, Carl Friedrich von Siemens Stiftung 
Sievert;Sievert AG, Sievert Stiftung für Wissenschaft und Kultur, Hans-Wolf Sievert
SIFIN DIAGNOSTICS GmbH;
SiGA GmbH&Co. KG ;
Sigma-Tau Pharmaceuticals, Inc.;
SIOS Messtechnik GmbH ;
SIV AG;
Skadden, Arps, Meagher & Flom LLP ;
SKE Facility Manage- ment GmbH ;
SKF GmbH;
SMA Solar Technology AG;
SMS ELOTHERM GmbH;
SMS Group;
SMS Siemag Aktiengesellschaft;
Societe Generale;
SOFiSTiK AG ;
Software & Research GmbH Laubusch;
Software AG;Software AG Stiftung
Solarinput e.V. ;
SolarWorld;
Solitem Group;
Solvay GmbH;
Sophien- und Hufeland-Klinikum gGmbH;
SOWG mbH;
SpaceMed AG;
Sparda Bank Münser, 48147 Münster;
Sparda Bank, Hannover;Sparda Bank Hannover-Stiftung
Sparkasse Aachen;
Sparkasse Arnstadt Ilmenau ;
Sparkasse Arnstadt-Ilmenau ;
Sparkasse Bielefeld;Stiftung der Sparkasse Bielefeld
Sparkasse Chemnitz;
Sparkasse Göttingen;
Sparkasse Hannover;
Sparkasse Jena Saale Holzlandkreis ;Sparkassenstiftung Jena- Saale-Holzland
Sparkasse Kassel;
Sparkasse Märkisch-Oderland;
Sparkasse Mittelsachsen;
Sparkasse Mittelthü- ringen ;
Sparkasse Oberlausitz-Niederschlesien;
Sparkasse Oder-Spree;Stiftung der Sparkasse Oder-Spree
Sparkasse Osnabrück;
Sparkasse Spree-Neiße;
Sparkassen Stiftung;
Sparkassen-Finanzgruppe;
Sparkassenstiftung Erfurt ;
SPECS GmbH ;
SPECS Surface Nano Analysis GmbH ;
Spheros GmbH;
SPHINX ET, Dr. Robert Uhde;
Spielmann Officehouse GmbH;
Spindler, Detlef, Briggweg 15, 26723 Emden;
Sponholz GmbH & Vermögensvrwaltung;
Springer Fach- medien Wiesba- den ;
Springer Science + Business Media Deutschland GmbH;
Springer-Verlag GmbH;
SPS Europe Putten;
SQS AG;
SSL Maschinenbau GmbH;
SSN Group;
St. Marien-Hospital GmbH;
Stadt-Sparkasse Solingen;
Städtische Klinikum Brandenburg GmbH;
Stadtwerke Energie Jena Pößneck ;
Stadtwerke Energie Jena Pößneck GmbH ;
Stadtwerke Hannover AG;
Stadtwerke Osnabrück AG;
Stahl-Stiftung;
Starz GmbH;
STAWAG - Stadtwerke Aachen AG;
Stefan Quandt;
Steguweit, Wolfgang ;
Steigenberger Esplanade Jena ;
Steinbeis Qualitätssicherung und Bildverarbeitung GmbH ;
Steinhoff GmbH, 26655 Westerstede;
Stenger2 Architekten und Partner GbR ;
Steria Mummert Consulting AG;
Sterling Industry Consult GmbH;
Stiebel Eltron;
STIFT ;
STIFT - Stiftung für Technologie, Innovation und Forschung Thüringen ;
Stifterrat und Stifungsvorstand der Stiftung zur Förderung der Technischen Universität Clausthal;
Stifterverband;
Stifterverband Bildung Wirtschaft Innovation;
Stifterverband für die Deutsche Wissenschaft;
Stifterverband, Essen;
Stiftung ;
Stiftung Braunschweiger Land;
Stiftung Braunschweigischer Kulturbesitz;
Stiftung Bremer Wertpapierbörse;
Stiftung der Metallindustrie Nord-Westen;
Stiftung der Sparkasse Ilmenau ;
Stiftung Deutsches Design Museum, 60327 Frankfurt am Main;
Stiftung Energieforschung Baden-Württemberg;
Stiftung Familienunternehmen;
Stiftung Friedrichsheim;
Stiftung für Arbeitsbeziehungen und Arbeitsrecht (StAR);
Stiftung Geld und Währung;
Stiftung Industrieforschung;
Stiftung Jugend forscht, Hamburg;
Stiftung Mercator;
Stiftung Mercator GmbH ;
Stiftung Niedersachsenmetall;
Stiftung Urologische Forschung;
Stiftung William G. Kerckhoff Herz- und Rheumazentrum Bad Nauheim;
Stiftung Wissenschaft und Technik Ilmenau ;
Stiftung Zentrum für Qualität in der Pflege;
Stiftung zur Erforschung der vaskulären Demenz;
Stiftung zur Förderung der TUHH Hamburg;
Stiftung zur Förderung der Wissenschaften an der Carolo-Wilhelmina;
Stiftung zur wissenschaftlichen Erforschung der Zeitgeschichte [Institut für Zeitgeschichte München (IfZ)];
Still GmbH;
Sto- Stiftung ;
Stoll, Dr. Hartmut;
Strahlenschutzseminar e.V. ;
Strahlenschutzseminar in Thüringen e.V. ;
Studentenwerk Hannover;
STZ Federntechnik ;
Südchemie AG;
Südwestbank;
Südwestmetall;
Südzucker AG;
Suhrkamp Verlag;
Supracon AG ;
Supracon AG Jena ;
Susanne Klatten;
SUSE Linux GmbH ;
SV Sparkassenversicheung Holding AG ;
SW Weimar Stadtversorgungs- GmbH  ;
SWING an der TU Ilmenau e.V. ;
Symrise;
Syngenta Agro GmbH;
synlab Akademie für ärztliche Fortbildung;
SYNLAB HOLDING Deutschland ;
Sysmex Deutschland GmbH ;
system20 40 GmbH ;
SZA Schilling Zutt Anschütz ;
T-Systems Multimedia Solutions gmbh ;
TAKRAF GmbH;
Talanx AG;
TARA-Stiftung;
Teambank AG;
Techniker Krankenkasse;
Techniker Krankenkasse ;
Techniker Krankenkasse Berlin;
Techniker Krankenkasse Braunschweig;
Technikzentrum Lübeck;
Technische Universität Dresden, Sektion Schulpädagogik der DGfE, Dresden;
Technischer Vorstand Dillinger Hüttenwerke AG;
Technologieförderung Münster GmbH;
TechnoTeam Bilderverarbeitung GmbH ;
TechnoTeam Bildverarbeitung GmbH ;
Tenneco;
TenneT TSO GmbH;
Tetra GmbH ;
Teufel, Helmut ;
Tewiss;
Textilverband Nordwest;
TGKS Oldenburg GbR;
The Boston Consulting Group ;
The Clinical Research Institute GmbH;
The Linde Group ;
The MathWorks GmbH;
The MathWorks GmbH, 85737 Ismaning;
Themann, Karl, Bakum;
Theodor-Hellbrügge-Stiftung, Kliniken des Bezirks Obb./ Kinderzentrum München gGmbH;
THEOPHIL e.V.;
Thermo Fisher Scientic GmbH ;
Thermokon Sensortechnik GmbH ;
Thimm Holding GmbH & Co. KG;
Thomson Reuters ;
THOR- LABS GmbH ;
ThromboGenics N.V.;
THÜBAN - Thüringer Business Angels Netzwerk e.V. ;
THÜBAN Thüringer Business Angels Netzwerk e.V. ;
Thurgauer Kantonalbank;
Thüringer Institut Textil- und Kunststoff Forschung e.V. ;
Thüsolar GmbH ;
ThyssenKrupp;Thyssen Krupp Steel AG, ThyssenKrupp Foerdertechnik
Thyssenkrupp AG;Thyssen Krupp Steel AG, ThyssenKrupp Foerdertechnik
Tischlerei Rühling ;
Tistou und Charlotte Kerstan Stiftung VISION 2000 SEHEN-KUNST-SINNESFUNKTIONEN;
Toshiba Medical Systems GmbH;
Town & Country Haus Lizenz- geber GmbH ;
Tresmo GmbH ;
trick Ingenieurgesellschaft mbH ;
Trimet Aluminium AG, Sömmerda;
Trips GmbH;
Trnd AG;
Trox GmbH ;
Trumpf;
Trumpf Laser- und Systemtechnik GmbH ;
TU Unternehmensberatung;
TUBS und Familie;
TUI;
TÜV Hannover / Sachsen-Anhalt;
U. I. Lapp GmbH;
UBS Deutschland AG;
UCB S.A.-N.V.;
Udo Keller Stiftung;
Umicore AG & Co. ;
Umicore AG & Co. KG ;
UMS Gmbh, München;
Umwelt-Lufttechnik AG;
Unfallkasse Nord;
UNI LEVER Deutschland GMBH ;
Unilever Deutschland GmbH ;
Union Kaufm. Verein;
United Technologies Research Centre, Cork, Irland;
UNITY AG, Büren;
Universität Wien Instiutut für Bildungswissenschaft;
Universität Wuppertal ;
Universitätsgesellschaft e.V. ;
Universitätsgesellschaft Ilmenau - Freunde, Förderer, Alumni e.V. ;
Universitätsgesellschaft Oldenburg e.V.;
Universitätsgesellschaft Osnabrück e. V.;
Universitätsgesellschaft Vechta e.V., Vechta;
Universitätsklinikum Hamburg-Eppendorf;
Universitätsklinikum Lzg.;
Universitätsklinikum Mannheim gGmbH;
University Exeter/Mellon Foundation;
USM U. Schärer Söhne GmbH ;
UST Umweltsensortechnik GmbH ;
Varrelmann Beratungsgesellschaft MBH, 26129 Oldenburg;
Vattenfall;Vattenfall Europe AG, Vattenfall Europe Generation AG, Vattenfall Europe Nuclear Energy GmbH, Vattenfall Europe Mining AG, Vattenfall Europe Information Services GmbH
VDE Osnabrück-Emsland e.V.;
VDI/VDE Innovation + Technik GmbH;
VDMA - Verband Deutscher Maschinen- und  Anlagenbau e.V.;
Vector Stiftung;
Venteon Laser Technologie GmbH;
Veolia Wasser;
Verband der Automobilindustrie;
Verband der Bayerischen Metall- und Elektroindustrie e.V.;
Verband der Chemischen Industrie e.V. Landesverband Nord;
Verband der deutschen Biokraftstoffindustrie;
Verband der forschenden Pharmaunternehmen;
Verband der Metallindustriellen Niedersachsen e. V., Hannover;
Verband deutscher Zeitschriften e. V.;
Verband Sonderpädagogik e.V.;
Verein Ausstellungshaus für christliche Kunst e.V. ;
Verein deutscher Ingenieure e.V.;
Verein von Freunden;
Verein von Freunden, Clausthal-Zellerfeld;
Verein zur Förderung anwaltsbez. Ausbildung;
Verein zur Förderung anwaltsbezogener Ausbildung;
Verein zur Förderung der Bilanzen und Steuern;
Verein zur Förderung der Fakultät ;
Verein zur Förderung der Fakultät IA ;
Verein zur Förderung der Fakultät Informatik und Automatisierung an der Technischen Universität Ilmenau ;
Verein zur Förderung der Fakultät Maschinenbau ;
Verein zur Förderung der Geoinformatik in Norddeutschland(GiN);
Verein zur Förderung der Versicherungs- und Finanzmathematik;
Verein zur Förderung der Versicherungswissenschaft;
Verein zur Förderung des Bilanz- und Steuerrechts;
Verein zur Förderung des Hochschulsports;
Verein zur Förderung des Inst. für Anwaltsrecht / Kanzlei Geiersberger & Glas;
Verein zur Förderung Versicherungs- und Finanzmathematik-Uni OL e.V., 26122 Oldenburg;
Vereinigung der Freunde des Wuppertal Institut e. V., 42103 Wuppertal;
Vereinigung der Straßen- bau- und Verkehrs- Ingenieure e.V. ;
Verkehrsverein Osnabrück;
Verlag Norman Rentrop;
vero projects - Kopsch Projektmanagement GmbH;
verschiedene Stifter;
Versuchs- und Lehranstalt für Brauerei in Berlin (VLB) e.V.;
Verwaltungsberufsgenossenschaft (VBG);
Vestas Deutschland GmbH;
VFFIA Verein zur Förderung der Fakultät IA ;
VFL TU e.V. Ilmenau ;
VG Wort GmbH;
VGB Forschungsstiftung;
VGH Versicherungen;
VHV Versicherung V.A.G.;
VIEROL AG;
VINICI Concessions Deutschland GmbH ;
VINICI Deutschland GmbH ;
Vision & Control GmbH ;
Visual Meta GmbH ;
VM-TIM GmbH ;
VME-Stiftung, Osnabrück;
Vodafone;
Vogelsang Stiftung, Essen;
VOGT Ultrasonics GmbH;
Volksbank;
Volksbank im Harz eG;
Volksbank Mittelhessen;
Volksbank Vechta eG;
Volkswagen;Volkswagen AG, Volkswagen Financial Services, Volkswagen Coaching GmbH, Volkswagen autouni, VW AG
Volle, Dr. Peter;
von Arps-Aubert Steuerberatungsgesellschaft;
von Opel Hessischen Zoostiftung;
Vorwerk;Vorwerk Autotec GmbH, Vorwerk Elektrowerke GmbH & Co. KG
vph GmbH & Co. KG;
VTU Engineering Deutschland GmbH, Braunschweig;
Vulkan Energie;
W. Neudorff GmbH KG;
W. Pilling Kesselfabrik GmbH & Co. KG;
W. Plaschke;
Wacker Biotech GmbH ;
WAGO Kontakttechnik GmbH & Co.KG ;
Walbert-Schmitz GmbH & Co. KG;
Walbusch;
Walter De Gryter GmbH ;
Wankel SuperTec GmbH;
Waskönig;Dr. h.c. Peter Waskönig-Stiftung, Fa. Waskönig + Walter Kabelwerke
WBI PROFESSOR DR.-ING. W. WITTKE Beratende Ingenieure für GRUNDBAU UND FELSBAU GmbH;
Weber GmbH & Co. KG Kunststofftechnik + Formenbau;
Weber, Dagmar;
Weber, Prof. Hermann;
WEDA - Dammann und Westerkamp GmbH, Lutten;
WEG Wirtschaftsverband Erdöl- und Erdgasgewinnung;
Weimar- Werk GmbH ;
Weinreich Erfurt GmbH ;
Weinrich Erfurt GmbH ;
Weinrich Office GmbH ;
Welker-Stiftung;
Welker, Günter, Quarkenbrück;
Weltkugelstiftung;
WEQUA GmbH;
Werner Möbius-Stiftung;
Werner Reimers Stiftung;
Werner-Siemens-Stiftung;
Wertgarantie Techn. Versicherung AG;
Werum Software & Systems AG;
Wessanen Fachhandels GmbH;
Westdeutsche Allgemeine Zeitung;
Westfälisch-Lippische Universitätsgesellschaft e.V.;
WestLB;
WFB Wirtschafatsförderung Bremen GmbH, 28195 Bremen;
WGH Herrenhausen eG.;
Whitematter Labs GmbH;
Widex A/ S;
WienerbergerGmbH;
Wiland Electric GmbH ;
Wiley-Vch Verlag GmbH & Co.KGaA ;
Wilhelm Ewe GmbH ;
Wilhelm-Müller-Stiftung;
Wilkinson Sword GmbH;
Willenbrock Fördertechnik Holding GmbH & Co. KG;
WILO;
Windenergieagentur e.V.;
Windwärts Energie GmbH;
Wintershall Holding AG;
Wirtschafts- u. Rechtswissenschaften;
Wirtschaftsförderungsgesellschaft Jena mbH ;
Wirtschaftsrat 1. FC Union e.V. ;
WISOS.E. Consulting GmbH;
Wiss. Gerätebau Dr. Ing. Herbert Knauer GmbH;
Wissenschaftsförderung der Sparkassen- Finanzgruppe e. V.;
Wissenschaftsstiftung M-V gGmbH;
Wittenstein SE;
Wohnbau und Wohnungs- wirtschaft;
Wohnungswirtschaft Frankfurt Oder;
Wolfgang Stoffels, Neu- säss-Westheim;
Wolfgang-Ritter-Stiftung;
Wolfsburg AG;
Wolters GmbH;
WSB-Service;
WSCAD electronic GmbH ;
WTI Wissenschaftlich-Technische Ingenieurberatung GmbH;
WTM Engineers GmbH  ;
Wuestenrot Bausparkasse AG ;
Würth;Adolf Würth GmbH, Stiftung Würth
Württ. Lebensversicherung AG, Vorstandsmitglied Württ. Versicherung AG, Vorstandsmitglied Württ. Krankenversicherung AG;
Wüstenrot;Wüstenrot & Württembergische AG, Wüstenrot-Stiftung
Wüstenrot Stiftung ;
wwu.weiterbildung gemeinnützige GmbH;
www Bitmanager AG;
Wyrowski Photonics UG ;
X-Case GmbH ;
X-FAB Semiconductor Foundries AG;
X-Rite Europe GmbH;
Xceptance Software Technologies GmbH ;
Xella Deutschland;
Xsens Technologies B.V.;
Yara GmbH;
YIT German;
Yokogawa Deutschland GmbH;
YOKOGAWA Deutschland GmbH ;
Yumab GmbH;
Zeidler Forschungsstiftung;
Zentrum Mikroelektronik Dresden AG ;
ZERNA Planen und Prüfen GmbH ;
ZF Friedrichhafen AG ;
ZF Friedrichshafen;
ZF Passau GmbH;
ZI Imaging;
Zoller & Fröhlich GmbH ;
Zühlke Engineering GmbH;
Zukunft Inc. E. V.;
Zulieferfirmen der KFZ-Industrie beim Stifterverband für die Deutsche Wissenschaft;
